{
  "tasks": [
    {
      "name": "task1",
      "enable": true,
      "source": {
        "name": "nacos",
        "type": "nacos",
        "addresses": [
          "127.0.0.1:8848"
        ]
      },
      "destination": {
        "name": "polaris",
        "type": "polaris",
        "token": "nu/0WRA4EqSR1FagrjRj0fZwPXuGlMpX+zCuWu4uMqy8xr1vRjisSbA25aAC3mtU8MeeRsKhQiDAynUR09I=",
        "addresses": [
          "http://127.0.0.1:8090",
          "grpc://127.0.0.1:8091"
        ]
      },
      "match": [
        {
          "namespace": "atom-ns1",
          "service": "nacos.test.3"
        },
        {
          "namespace": "atom-ns1",
          "service": "nacos.test.4"
        }
      ]
    },
    {
      "name": "task2",
      "enable": true,
      "source": {
        "name": "polaris",
        "type": "polaris",
        "token": "nu/0WRA4EqSR1FagrjRj0fZwPXuGlMpX+zCuWu4uMqy8xr1vRjisSbA25aAC3mtU8MeeRsKhQiDAynUR09I=",
        "addresses": [
          "http://127.0.0.1:8090",
          "grpc://127.0.0.1:8091"
        ]
      },
      "destination": {
        "name": "nacos",
        "type": "nacos",
        "addresses": [
          "127.0.0.1:8848"
        ]
      },
      "match": [
        {
          "namespace": "atom-ns1",
          "service": "nacos.test.3"
        },
        {
          "namespace": "atom-ns1",
          "service": "nacos.test.4"
        }
      ]
    }
  ],
  "methods": [
    {
      "type": "watch",
      "enable": true
    },
    {
      "type": "pull",
      "enable": true,
      "interval": "60s"
    }
  ],
  "health_check": {
    "enable": true
  },
  "report": {
    "interval" : "1m",
    "targets": [
      {
        "type": "file",
        "enable": true
      }
    ]
  }
}