{
  "tasks": [
    {
      "name": "nacos-polaris",
      "enable": true,
      "source": {
        "name": "nacos->polaris",
        "type": "nacos",
        "server": {
          "addresses": [
            "127.0.0.1:8848"
          ]
        },
        "db": {
          "jdbc_url": "jdbc:mysql://127.0.0.1:3306/nacos",
          "username": "root",
          "password": "root"
        }
      },
      "destination": {
        "name": "polaris",
        "type": "polaris",
        "server": {
          "addresses": [
            "http://127.0.0.1:8090",
            "grpc://127.0.0.1:8091"
          ],
          "token": "nu/0WRA4EqSR1FagrjRj0fZwPXuGlMpX+zCuWu4uMqy8xr1vRjisSbA25aAC3mtU8MeeRsKhQiDAynUR09I="
        },
        "db": {
          "jdbc_url": "jdbc:mysql://127.0.0.1:3306/polaris_server",
          "username": "root",
          "password": "root"
        }
      },
      "match": [
        {
          "namespace": "empty_ns",
          "config_group": "DEFAULT_GROUP"
        },
        {
          "namespace": "springliao",
          "config_group": "*"
        }
      ]
    },
    {
      "name": "polaris-nacos",
      "enable": true,
      "source": {
        "name": "polaris->nacos",
        "type": "polaris",
        "server": {
          "token": "nu/0WRA4EqSR1FagrjRj0fZwPXuGlMpX+zCuWu4uMqy8xr1vRjisSbA25aAC3mtU8MeeRsKhQiDAynUR09I=",
          "addresses": [
            "http://127.0.0.1:8090",
            "grpc://127.0.0.1:8091"
          ]
        },
        "db": {
          "jdbc_url": "jdbc:mysql://127.0.0.1:3306/polaris_server",
          "username": "root",
          "password": "root"
        }
      },
      "destination": {
        "name": "nacos",
        "type": "nacos",
        "server": {
          "addresses": [
            "127.0.0.1:8848"
          ],
          "user": "nacos",
          "password": "nacos"
        },
        "db": {
          "jdbc_url": "jdbc:mysql://127.0.0.1:3306/nacos",
          "username": "root",
          "password": "root"
        }
      },
      "match": [
        {
          "namespace": "ns1",
          "config_group": "*"
        }
      ]
    }
  ],
  "methods": [
    {
      "type": "watch",
      "enable": true
    },
    {
      "type": "pull",
      "enable": true,
      "interval": "60s"
    }
  ],
  "health_check": {
    "enable": true
  },
  "report": {
    "interval" : "1m",
    "targets": [
      {
        "type": "file",
        "enable": true
      }
    ]
  }
}